<?xml version="1.0" encoding="UTF-8"?>
<metadata xml:lang="en"><Esri><CreaDate>20230707</CreaDate><CreaTime>10450500</CreaTime><ArcGISFormat>1.0</ArcGISFormat><SyncOnce>FALSE</SyncOnce><DataProperties><lineage><Process ToolSource="c:\program files\arcgis\pro\Resources\ArcToolbox\toolboxes\Spatial Analyst Tools.tbx\ExtractMultiValuesToPoints" Date="20230126" Time="103747">ExtractMultiValuesToPoints C:\Users\f002w4d\Desktop\Oct_24_Analysis\Exposure_readings\Analysis_1_23\AERMOD_pb\CDCP/CDCP_OH_Expanded_Pb.shp "D:\RSEI_AERMOD_Outputs\Joined_Shps\AERMOD_Pb_Rasters.gdb\USA_2000_M1M2 pb_2000;D:\RSEI_AERMOD_Outputs\Joined_Shps\AERMOD_Pb_Rasters.gdb\USA_2001_M1M2 pb_2001;D:\RSEI_AERMOD_Outputs\Joined_Shps\AERMOD_Pb_Rasters.gdb\USA_2002_M1M2 pb_2002;D:\RSEI_AERMOD_Outputs\Joined_Shps\AERMOD_Pb_Rasters.gdb\USA_2003_M1M2 pb_2003;D:\RSEI_AERMOD_Outputs\Joined_Shps\AERMOD_Pb_Rasters.gdb\USA_2004_M1M2 pb_2004;D:\RSEI_AERMOD_Outputs\Joined_Shps\AERMOD_Pb_Rasters.gdb\USA_2005_M1M2 pb_2005;D:\RSEI_AERMOD_Outputs\Joined_Shps\AERMOD_Pb_Rasters.gdb\USA_2006_M1M2 pb_2006;D:\RSEI_AERMOD_Outputs\Joined_Shps\AERMOD_Pb_Rasters.gdb\USA_2007_M1M2 pb_2007;D:\RSEI_AERMOD_Outputs\Joined_Shps\AERMOD_Pb_Rasters.gdb\USA_2008_M1M2 pb_2008;D:\RSEI_AERMOD_Outputs\Joined_Shps\AERMOD_Pb_Rasters.gdb\USA_2009_M1M2 pb_2009;D:\RSEI_AERMOD_Outputs\Joined_Shps\AERMOD_Pb_Rasters.gdb\USA_2010_M1M2 pb_2010;D:\RSEI_AERMOD_Outputs\Joined_Shps\AERMOD_Pb_Rasters.gdb\USA_2011_M1M2 pb_2011;D:\RSEI_AERMOD_Outputs\Joined_Shps\AERMOD_Pb_Rasters.gdb\USA_2012_M1M2 pb_2012;D:\RSEI_AERMOD_Outputs\Joined_Shps\AERMOD_Pb_Rasters.gdb\USA_2013_M1M2 pb_2013;D:\RSEI_AERMOD_Outputs\Joined_Shps\AERMOD_Pb_Rasters.gdb\USA_2014_M1M2 pb_2014;D:\RSEI_AERMOD_Outputs\Joined_Shps\AERMOD_Pb_Rasters.gdb\USA_2015_M1M2 pb_2015;D:\RSEI_AERMOD_Outputs\Joined_Shps\AERMOD_Pb_Rasters.gdb\USA_2016_M1M2 pb_2016;D:\RSEI_AERMOD_Outputs\Joined_Shps\AERMOD_Pb_Rasters.gdb\USA_2017_M1M2 pb_2017;D:\RSEI_AERMOD_Outputs\Joined_Shps\AERMOD_Pb_Rasters.gdb\USA_2018_M1M2 pb_2018;D:\RSEI_AERMOD_Outputs\Joined_Shps\AERMOD_Pb_Rasters.gdb\USA_2019_M1M2 pb_2019;D:\RSEI_AERMOD_Outputs\Joined_Shps\AERMOD_Pb_Rasters.gdb\USA_2020_M1M2 pb_2020" NONE</Process><Process ToolSource="c:\program files\arcgis\pro\Resources\ArcToolbox\toolboxes\Data Management Tools.tbx\AddField" Date="20230126" Time="113836">AddField C:\Users\f002w4d\Desktop\Oct_24_Analysis\Exposure_readings\Analysis_1_23\AERMOD_pb\CDCP\CDCP_OH_Expanded_Pb.shp expsr_val "Float (single precision)" # # # # NULLABLE NON_REQUIRED #</Process><Process ToolSource="c:\program files\arcgis\pro\Resources\ArcToolbox\toolboxes\Conversion Tools.tbx\ExportFeatures" Date="20230607" Time="090733">ExportFeatures CDCP_OH_Expanded_Pb "D:\Raw Data (Controls and Mortality) Ohio\Controls_OH_Expanded1.shp" # NOT_USE_ALIAS "OBJECTID "OBJECTID" true true false 10 Long 0 10,First,#,CDCP_OH_Expanded_Pb,OBJECTID,-1,-1;FID_ "FID_" true true false 10 Long 0 10,First,#,CDCP_OH_Expanded_Pb,FID_,-1,-1;Field1 "Field1" true true false 10 Long 0 10,First,#,CDCP_OH_Expanded_Pb,Field1,-1,-1;study_ID "study_ID" true true false 254 Text 0 0,First,#,CDCP_OH_Expanded_Pb,study_ID,0,254;study_ID_X "study_ID_X" true true false 19 Double 0 0,First,#,CDCP_OH_Expanded_Pb,study_ID_X,-1,-1;study_ID_Y "study_ID_Y" true true false 19 Double 0 0,First,#,CDCP_OH_Expanded_Pb,study_ID_Y,-1,-1;year "year" true true false 10 Long 0 10,First,#,CDCP_OH_Expanded_Pb,year,-1,-1;seq "seq" true true false 10 Long 0 10,First,#,CDCP_OH_Expanded_Pb,seq,-1,-1;latitude "latitude" true true false 19 Double 0 0,First,#,CDCP_OH_Expanded_Pb,latitude,-1,-1;longitude "longitude" true true false 19 Double 0 0,First,#,CDCP_OH_Expanded_Pb,longitude,-1,-1;index_year "index_year" true true false 10 Long 0 10,First,#,CDCP_OH_Expanded_Pb,index_year,-1,-1;index_yr_m "index_yr_m" true true false 10 Long 0 10,First,#,CDCP_OH_Expanded_Pb,index_yr_m,-1,-1;ZIP5 "ZIP5" true true false 10 Long 0 10,First,#,CDCP_OH_Expanded_Pb,ZIP5,-1,-1;x "x" true true false 19 Double 0 0,First,#,CDCP_OH_Expanded_Pb,x,-1,-1;y "y" true true false 19 Double 0 0,First,#,CDCP_OH_Expanded_Pb,y,-1,-1;study_ID_1 "study_ID_1" true true false 254 Text 0 0,First,#,CDCP_OH_Expanded_Pb,study_ID_1,0,254;study_ID_2 "study_ID_2" true true false 19 Double 0 0,First,#,CDCP_OH_Expanded_Pb,study_ID_2,-1,-1;study_ID_3 "study_ID_3" true true false 19 Double 0 0,First,#,CDCP_OH_Expanded_Pb,study_ID_3,-1,-1;source "source" true true false 254 Text 0 0,First,#,CDCP_OH_Expanded_Pb,source,0,254;ALS_status "ALS_status" true true false 10 Long 0 10,First,#,CDCP_OH_Expanded_Pb,ALS_status,-1,-1;Index_age "Index_age" true true false 10 Long 0 10,First,#,CDCP_OH_Expanded_Pb,Index_age,-1,-1;gender_imp "gender_imp" true true false 254 Text 0 0,First,#,CDCP_OH_Expanded_Pb,gender_imp,0,254" #</Process><Process ToolSource="c:\program files\arcgis\pro\Resources\ArcToolbox\toolboxes\Data Management Tools.tbx\Copy" Date="20230707" Time="104425">Copy "D:\Raw Data (Controls and Mortality) Ohio\Controls_OH_Expanded1.shp" D:\Exposure_Analyses\ExposureAnalysis_07072023_PbPbC\ExposureReadings\Controls\Controls_OH_Expanded1.shp Shapefile #</Process><Process ToolSource="c:\program files\arcgis\pro\Resources\ArcToolbox\toolboxes\Data Management Tools.tbx\Copy" Date="20230707" Time="104505">Copy D:\Exposure_Analyses\ExposureAnalysis_07072023_PbPbC\ExposureReadings\Controls\Controls_OH_Expanded1.shp "D:\Raw Data (Controls and Mortality) Ohio\Controls_OH_Expanded1.shp" Shapefile #</Process></lineage><itemProps><itemName Sync="TRUE">Controls_OH_Expanded1</itemName><imsContentType Sync="TRUE">002</imsContentType><itemSize Sync="TRUE">0.000</itemSize><itemLocation><linkage Sync="TRUE">file://\\C1Y8WM3\D$\Raw Data (Controls and Mortality) Ohio\Controls_OH_Expanded1</linkage><protocol Sync="TRUE">Local Area Network</protocol></itemLocation></itemProps><coordRef><type Sync="TRUE">Projected</type><geogcsn Sync="TRUE">GCS_NAD_1983_2011</geogcsn><csUnits Sync="TRUE">Linear Unit: Meter (1.000000)</csUnits><projcsn Sync="TRUE">NAD_1983_2011_StatePlane_Ohio_North_FIPS_3401</projcsn><peXml Sync="TRUE">&lt;ProjectedCoordinateSystem xsi:type='typens:ProjectedCoordinateSystem' xmlns:xsi='http://www.w3.org/2001/XMLSchema-instance' xmlns:xs='http://www.w3.org/2001/XMLSchema' xmlns:typens='http://www.esri.com/schemas/ArcGIS/3.1.0'&gt;&lt;WKT&gt;PROJCS[&amp;quot;NAD_1983_2011_StatePlane_Ohio_North_FIPS_3401&amp;quot;,GEOGCS[&amp;quot;GCS_NAD_1983_2011&amp;quot;,DATUM[&amp;quot;D_NAD_1983_2011&amp;quot;,SPHEROID[&amp;quot;GRS_1980&amp;quot;,6378137.0,298.257222101]],PRIMEM[&amp;quot;Greenwich&amp;quot;,0.0],UNIT[&amp;quot;Degree&amp;quot;,0.0174532925199433]],PROJECTION[&amp;quot;Lambert_Conformal_Conic&amp;quot;],PARAMETER[&amp;quot;False_Easting&amp;quot;,600000.0],PARAMETER[&amp;quot;False_Northing&amp;quot;,0.0],PARAMETER[&amp;quot;Central_Meridian&amp;quot;,-82.5],PARAMETER[&amp;quot;Standard_Parallel_1&amp;quot;,40.43333333333333],PARAMETER[&amp;quot;Standard_Parallel_2&amp;quot;,41.7],PARAMETER[&amp;quot;Latitude_Of_Origin&amp;quot;,39.66666666666666],UNIT[&amp;quot;Meter&amp;quot;,1.0],AUTHORITY[&amp;quot;EPSG&amp;quot;,6548]]&lt;/WKT&gt;&lt;XOrigin&gt;-36260300&lt;/XOrigin&gt;&lt;YOrigin&gt;-29374800&lt;/YOrigin&gt;&lt;XYScale&gt;122180221.73912027&lt;/XYScale&gt;&lt;ZOrigin&gt;-100000&lt;/ZOrigin&gt;&lt;ZScale&gt;10000&lt;/ZScale&gt;&lt;MOrigin&gt;-100000&lt;/MOrigin&gt;&lt;MScale&gt;10000&lt;/MScale&gt;&lt;XYTolerance&gt;0.001&lt;/XYTolerance&gt;&lt;ZTolerance&gt;0.001&lt;/ZTolerance&gt;&lt;MTolerance&gt;0.001&lt;/MTolerance&gt;&lt;HighPrecision&gt;true&lt;/HighPrecision&gt;&lt;WKID&gt;103127&lt;/WKID&gt;&lt;LatestWKID&gt;6548&lt;/LatestWKID&gt;&lt;/ProjectedCoordinateSystem&gt;</peXml></coordRef><copyHistory><copy source="D:\Exposure_Analyses\ExposureAnalysis_07072023_PbPbC\ExposureReadings\Controls\Controls_OH_Expanded1" dest="\\C1Y8WM3\D$\Raw Data (Controls and Mortality) Ohio\Controls_OH_Expanded1" date="20230707" time="10450500"></copy></copyHistory></DataProperties><SyncDate>20230607</SyncDate><SyncTime>09070400</SyncTime><ModDate>20230607</ModDate><ModTime>09070400</ModTime></Esri><dataIdInfo><envirDesc Sync="TRUE">Microsoft Windows 10 Version 10.0 (Build 19045) ; Esri ArcGIS 13.1.0.41833</envirDesc><dataLang><languageCode value="eng" Sync="TRUE"></languageCode><countryCode value="USA" Sync="TRUE"></countryCode></dataLang><idCitation><resTitle Sync="TRUE">Controls_OH_Expanded1</resTitle><presForm><PresFormCd value="005" Sync="TRUE"></PresFormCd></presForm></idCitation><spatRpType><SpatRepTypCd value="001" Sync="TRUE"></SpatRepTypCd></spatRpType></dataIdInfo><mdLang><languageCode value="eng" Sync="TRUE"></languageCode><countryCode value="USA" Sync="TRUE"></countryCode></mdLang><mdChar><CharSetCd value="004" Sync="TRUE"></CharSetCd></mdChar><distInfo><distFormat><formatName Sync="TRUE">Shapefile</formatName></distFormat><distTranOps><transSize Sync="TRUE">0.000</transSize></distTranOps></distInfo><mdHrLv><ScopeCd value="005" Sync="TRUE"></ScopeCd></mdHrLv><mdHrLvName Sync="TRUE">dataset</mdHrLvName><refSysInfo><RefSystem><refSysID><identCode code="6548" Sync="TRUE"></identCode><idCodeSpace Sync="TRUE">EPSG</idCodeSpace><idVersion Sync="TRUE">8.2.10(10.3.1)</idVersion></refSysID></RefSystem></refSysInfo><spatRepInfo><VectSpatRep><geometObjs Name="Controls_OH_Expanded1"><geoObjTyp><GeoObjTypCd value="004" Sync="TRUE"></GeoObjTypCd></geoObjTyp><geoObjCnt Sync="TRUE">0</geoObjCnt></geometObjs><topLvl><TopoLevCd value="001" Sync="TRUE"></TopoLevCd></topLvl></VectSpatRep></spatRepInfo><spdoinfo><ptvctinf><esriterm Name="Controls_OH_Expanded1"><efeatyp Sync="TRUE">Simple</efeatyp><efeageom code="1" Sync="TRUE"></efeageom><esritopo Sync="TRUE">FALSE</esritopo><efeacnt Sync="TRUE">0</efeacnt><spindex Sync="TRUE">FALSE</spindex><linrefer Sync="TRUE">FALSE</linrefer></esriterm></ptvctinf></spdoinfo><eainfo><detailed Name="Controls_OH_Expanded1"><enttyp><enttypl Sync="TRUE">Controls_OH_Expanded1</enttypl><enttypt Sync="TRUE">Feature Class</enttypt><enttypc Sync="TRUE">0</enttypc></enttyp><attr><attrlabl Sync="TRUE">FID</attrlabl><attalias Sync="TRUE">FID</attalias><attrtype Sync="TRUE">OID</attrtype><attwidth Sync="TRUE">4</attwidth><atprecis Sync="TRUE">0</atprecis><attscale Sync="TRUE">0</attscale><attrdef Sync="TRUE">Internal feature number.</attrdef><attrdefs Sync="TRUE">Esri</attrdefs><attrdomv><udom Sync="TRUE">Sequential unique whole numbers that are automatically generated.</udom></attrdomv></attr><attr><attrlabl Sync="TRUE">Shape</attrlabl><attalias Sync="TRUE">Shape</attalias><attrtype Sync="TRUE">Geometry</attrtype><attwidth Sync="TRUE">0</attwidth><atprecis Sync="TRUE">0</atprecis><attscale Sync="TRUE">0</attscale><attrdef Sync="TRUE">Feature geometry.</attrdef><attrdefs Sync="TRUE">Esri</attrdefs><attrdomv><udom Sync="TRUE">Coordinates defining the features.</udom></attrdomv></attr><attr><attrlabl Sync="TRUE">OBJECTID</attrlabl><attalias Sync="TRUE">OBJECTID</attalias><attrtype Sync="TRUE">Integer</attrtype><attwidth Sync="TRUE">10</attwidth><atprecis Sync="TRUE">10</atprecis><attscale Sync="TRUE">0</attscale></attr><attr><attrlabl Sync="TRUE">FID_</attrlabl><attalias Sync="TRUE">FID_</attalias><attrtype Sync="TRUE">Integer</attrtype><attwidth Sync="TRUE">10</attwidth><atprecis Sync="TRUE">10</atprecis><attscale Sync="TRUE">0</attscale></attr><attr><attrlabl Sync="TRUE">Field1</attrlabl><attalias Sync="TRUE">Field1</attalias><attrtype Sync="TRUE">Integer</attrtype><attwidth Sync="TRUE">10</attwidth><atprecis Sync="TRUE">10</atprecis><attscale Sync="TRUE">0</attscale></attr><attr><attrlabl Sync="TRUE">study_ID</attrlabl><attalias Sync="TRUE">study_ID</attalias><attrtype Sync="TRUE">String</attrtype><attwidth Sync="TRUE">254</attwidth><atprecis Sync="TRUE">0</atprecis><attscale Sync="TRUE">0</attscale></attr><attr><attrlabl Sync="TRUE">study_ID_X</attrlabl><attalias Sync="TRUE">study_ID_X</attalias><attrtype Sync="TRUE">Double</attrtype><attwidth Sync="TRUE">19</attwidth><atprecis Sync="TRUE">0</atprecis><attscale Sync="TRUE">0</attscale></attr><attr><attrlabl Sync="TRUE">study_ID_Y</attrlabl><attalias Sync="TRUE">study_ID_Y</attalias><attrtype Sync="TRUE">Double</attrtype><attwidth Sync="TRUE">19</attwidth><atprecis Sync="TRUE">0</atprecis><attscale Sync="TRUE">0</attscale></attr><attr><attrlabl Sync="TRUE">year</attrlabl><attalias Sync="TRUE">year</attalias><attrtype Sync="TRUE">Integer</attrtype><attwidth Sync="TRUE">10</attwidth><atprecis Sync="TRUE">10</atprecis><attscale Sync="TRUE">0</attscale></attr><attr><attrlabl Sync="TRUE">seq</attrlabl><attalias Sync="TRUE">seq</attalias><attrtype Sync="TRUE">Integer</attrtype><attwidth Sync="TRUE">10</attwidth><atprecis Sync="TRUE">10</atprecis><attscale Sync="TRUE">0</attscale></attr><attr><attrlabl Sync="TRUE">latitude</attrlabl><attalias Sync="TRUE">latitude</attalias><attrtype Sync="TRUE">Double</attrtype><attwidth Sync="TRUE">19</attwidth><atprecis Sync="TRUE">0</atprecis><attscale Sync="TRUE">0</attscale></attr><attr><attrlabl Sync="TRUE">longitude</attrlabl><attalias Sync="TRUE">longitude</attalias><attrtype Sync="TRUE">Double</attrtype><attwidth Sync="TRUE">19</attwidth><atprecis Sync="TRUE">0</atprecis><attscale Sync="TRUE">0</attscale></attr><attr><attrlabl Sync="TRUE">index_year</attrlabl><attalias Sync="TRUE">index_year</attalias><attrtype Sync="TRUE">Integer</attrtype><attwidth Sync="TRUE">10</attwidth><atprecis Sync="TRUE">10</atprecis><attscale Sync="TRUE">0</attscale></attr><attr><attrlabl Sync="TRUE">index_yr_m</attrlabl><attalias Sync="TRUE">index_yr_m</attalias><attrtype Sync="TRUE">Integer</attrtype><attwidth Sync="TRUE">10</attwidth><atprecis Sync="TRUE">10</atprecis><attscale Sync="TRUE">0</attscale></attr><attr><attrlabl Sync="TRUE">ZIP5</attrlabl><attalias Sync="TRUE">ZIP5</attalias><attrtype Sync="TRUE">Integer</attrtype><attwidth Sync="TRUE">10</attwidth><atprecis Sync="TRUE">10</atprecis><attscale Sync="TRUE">0</attscale></attr><attr><attrlabl Sync="TRUE">x</attrlabl><attalias Sync="TRUE">x</attalias><attrtype Sync="TRUE">Double</attrtype><attwidth Sync="TRUE">19</attwidth><atprecis Sync="TRUE">0</atprecis><attscale Sync="TRUE">0</attscale></attr><attr><attrlabl Sync="TRUE">y</attrlabl><attalias Sync="TRUE">y</attalias><attrtype Sync="TRUE">Double</attrtype><attwidth Sync="TRUE">19</attwidth><atprecis Sync="TRUE">0</atprecis><attscale Sync="TRUE">0</attscale></attr><attr><attrlabl Sync="TRUE">study_ID_1</attrlabl><attalias Sync="TRUE">study_ID_1</attalias><attrtype Sync="TRUE">String</attrtype><attwidth Sync="TRUE">254</attwidth><atprecis Sync="TRUE">0</atprecis><attscale Sync="TRUE">0</attscale></attr><attr><attrlabl Sync="TRUE">study_ID_2</attrlabl><attalias Sync="TRUE">study_ID_2</attalias><attrtype Sync="TRUE">Double</attrtype><attwidth Sync="TRUE">19</attwidth><atprecis Sync="TRUE">0</atprecis><attscale Sync="TRUE">0</attscale></attr><attr><attrlabl Sync="TRUE">study_ID_3</attrlabl><attalias Sync="TRUE">study_ID_3</attalias><attrtype Sync="TRUE">Double</attrtype><attwidth Sync="TRUE">19</attwidth><atprecis Sync="TRUE">0</atprecis><attscale Sync="TRUE">0</attscale></attr><attr><attrlabl Sync="TRUE">source</attrlabl><attalias Sync="TRUE">source</attalias><attrtype Sync="TRUE">String</attrtype><attwidth Sync="TRUE">254</attwidth><atprecis Sync="TRUE">0</atprecis><attscale Sync="TRUE">0</attscale></attr><attr><attrlabl Sync="TRUE">ALS_status</attrlabl><attalias Sync="TRUE">ALS_status</attalias><attrtype Sync="TRUE">Integer</attrtype><attwidth Sync="TRUE">10</attwidth><atprecis Sync="TRUE">10</atprecis><attscale Sync="TRUE">0</attscale></attr><attr><attrlabl Sync="TRUE">Index_age</attrlabl><attalias Sync="TRUE">Index_age</attalias><attrtype Sync="TRUE">Integer</attrtype><attwidth Sync="TRUE">10</attwidth><atprecis Sync="TRUE">10</atprecis><attscale Sync="TRUE">0</attscale></attr><attr><attrlabl Sync="TRUE">gender_imp</attrlabl><attalias Sync="TRUE">gender_imp</attalias><attrtype Sync="TRUE">String</attrtype><attwidth Sync="TRUE">254</attwidth><atprecis Sync="TRUE">0</atprecis><attscale Sync="TRUE">0</attscale></attr></detailed></eainfo><mdDateSt Sync="TRUE">20230607</mdDateSt></metadata>
