<?xml version="1.0"?>
<metadata xml:lang="en"><Esri><CreaDate>20230628</CreaDate><CreaTime>01070300</CreaTime><ArcGISFormat>1.0</ArcGISFormat><SyncOnce>TRUE</SyncOnce><scaleRange><minScale>150000000</minScale><maxScale>5000</maxScale></scaleRange><ArcGISProfile>ItemDescription</ArcGISProfile></Esri><dataIdInfo><idPurp>Raw data for analysis of ALS exposure to airborne chemicals</idPurp><idCitation><resTitle>Raw Data for Ohio Mortality Control ALS Analysis</resTitle></idCitation><searchKeys><keyword>Moving Window</keyword><keyword>ALS</keyword><keyword>Ohio</keyword><keyword>data</keyword></searchKeys></dataIdInfo><mdHrLv><ScopeCd value="005"></ScopeCd></mdHrLv><mdDateSt Sync="TRUE">20230628</mdDateSt></metadata>
