<?xml version="1.0" encoding="UTF-8"?>
<metadata xml:lang="en"><Esri><CreaDate>20230126</CreaDate><CreaTime>10395800</CreaTime><ArcGISFormat>1.0</ArcGISFormat><SyncOnce>FALSE</SyncOnce><DataProperties><lineage><Process ToolSource="c:\program files\arcgis\pro\Resources\ArcToolbox\toolboxes\Spatial Analyst Tools.tbx\ExtractMultiValuesToPoints" Date="20230126" Time="103958">ExtractMultiValuesToPoints C:\Users\f002w4d\Desktop\Oct_24_Analysis\Exposure_readings\Analysis_1_23\AERMOD_pb\Mortality/Mortality_OH_Expanded.shp "D:\RSEI_AERMOD_Outputs\Joined_Shps\AERMOD_Pb_Rasters.gdb\USA_2000_M1M2 pb_2000;D:\RSEI_AERMOD_Outputs\Joined_Shps\AERMOD_Pb_Rasters.gdb\USA_2001_M1M2 pb_2001;D:\RSEI_AERMOD_Outputs\Joined_Shps\AERMOD_Pb_Rasters.gdb\USA_2002_M1M2 pb_2002;D:\RSEI_AERMOD_Outputs\Joined_Shps\AERMOD_Pb_Rasters.gdb\USA_2003_M1M2 pb_2003;D:\RSEI_AERMOD_Outputs\Joined_Shps\AERMOD_Pb_Rasters.gdb\USA_2004_M1M2 pb_2004;D:\RSEI_AERMOD_Outputs\Joined_Shps\AERMOD_Pb_Rasters.gdb\USA_2005_M1M2 pb_2005;D:\RSEI_AERMOD_Outputs\Joined_Shps\AERMOD_Pb_Rasters.gdb\USA_2006_M1M2 pb_2006;D:\RSEI_AERMOD_Outputs\Joined_Shps\AERMOD_Pb_Rasters.gdb\USA_2007_M1M2 pb_2007;D:\RSEI_AERMOD_Outputs\Joined_Shps\AERMOD_Pb_Rasters.gdb\USA_2008_M1M2 pb_2008;D:\RSEI_AERMOD_Outputs\Joined_Shps\AERMOD_Pb_Rasters.gdb\USA_2009_M1M2 pb_2009;D:\RSEI_AERMOD_Outputs\Joined_Shps\AERMOD_Pb_Rasters.gdb\USA_2010_M1M2 pb_2010;D:\RSEI_AERMOD_Outputs\Joined_Shps\AERMOD_Pb_Rasters.gdb\USA_2011_M1M2 pb_2011;D:\RSEI_AERMOD_Outputs\Joined_Shps\AERMOD_Pb_Rasters.gdb\USA_2012_M1M2 pb_2012;D:\RSEI_AERMOD_Outputs\Joined_Shps\AERMOD_Pb_Rasters.gdb\USA_2013_M1M2 pb_2013;D:\RSEI_AERMOD_Outputs\Joined_Shps\AERMOD_Pb_Rasters.gdb\USA_2014_M1M2 pb_2014;D:\RSEI_AERMOD_Outputs\Joined_Shps\AERMOD_Pb_Rasters.gdb\USA_2015_M1M2 pb_2015;D:\RSEI_AERMOD_Outputs\Joined_Shps\AERMOD_Pb_Rasters.gdb\USA_2016_M1M2 pb_2016;D:\RSEI_AERMOD_Outputs\Joined_Shps\AERMOD_Pb_Rasters.gdb\USA_2017_M1M2 pb_2017;D:\RSEI_AERMOD_Outputs\Joined_Shps\AERMOD_Pb_Rasters.gdb\USA_2018_M1M2 pb_2018;D:\RSEI_AERMOD_Outputs\Joined_Shps\AERMOD_Pb_Rasters.gdb\USA_2019_M1M2 pb_2019;D:\RSEI_AERMOD_Outputs\Joined_Shps\AERMOD_Pb_Rasters.gdb\USA_2020_M1M2 pb_2020" NONE</Process><Process ToolSource="c:\program files\arcgis\pro\Resources\ArcToolbox\toolboxes\Data Management Tools.tbx\AddField" Date="20230126" Time="113958">AddField C:\Users\f002w4d\Desktop\Oct_24_Analysis\Exposure_readings\Analysis_1_23\AERMOD_pb\Mortality\Mortality_OH_Expanded.shp expsr_val "Float (single precision)" # # # # NULLABLE NON_REQUIRED #</Process><Process ToolSource="c:\program files\arcgis\pro\Resources\ArcToolbox\toolboxes\Data Management Tools.tbx\AddField" Date="20230227" Time="033619">AddField C:\Users\f002w4d\Desktop\Oct_24_Analysis\Exposure_readings\Analysis_2_23\AERMOD_pb\Mortality\Mortality_OH_Expanded.shp expsr_val "Float (single precision)" # # # # NULLABLE NON_REQUIRED #</Process><Process ToolSource="c:\program files\arcgis\pro\Resources\ArcToolbox\toolboxes\Conversion Tools.tbx\ExportFeatures" Date="20230607" Time="090452">ExportFeatures Mortality_OH_Expanded "D:\Raw Data (Controls and Mortality) Ohio\Mortality_OH_Expanded.shp" # NOT_USE_ALIAS "OBJECTID_1 "OBJECTID_1" true true false 10 Long 0 10,First,#,Mortality_OH_Expanded,OBJECTID_1,-1,-1;FID_ "FID_" true true false 10 Long 0 10,First,#,Mortality_OH_Expanded,FID_,-1,-1;OBJECTID "OBJECTID" true true false 10 Long 0 10,First,#,Mortality_OH_Expanded,OBJECTID,-1,-1;study_ID "study_ID" true true false 254 Text 0 0,First,#,Mortality_OH_Expanded,study_ID,0,254;ALS_status "ALS_status" true true false 10 Long 0 10,First,#,Mortality_OH_Expanded,ALS_status,-1,-1;SEX "SEX" true true false 254 Text 0 0,First,#,Mortality_OH_Expanded,SEX,0,254;AGE "AGE" true true false 10 Long 0 10,First,#,Mortality_OH_Expanded,AGE,-1,-1;source_typ "source_typ" true true false 254 Text 0 0,First,#,Mortality_OH_Expanded,source_typ,0,254;source "source" true true false 254 Text 0 0,First,#,Mortality_OH_Expanded,source,0,254;ori_ID "ori_ID" true true false 10 Long 0 10,First,#,Mortality_OH_Expanded,ori_ID,-1,-1;year "year" true true false 10 Long 0 10,First,#,Mortality_OH_Expanded,year,-1,-1;seq "seq" true true false 10 Long 0 10,First,#,Mortality_OH_Expanded,seq,-1,-1;latitude "latitude" true true false 19 Double 0 0,First,#,Mortality_OH_Expanded,latitude,-1,-1;longitude "longitude" true true false 19 Double 0 0,First,#,Mortality_OH_Expanded,longitude,-1,-1;index_year "index_year" true true false 10 Long 0 10,First,#,Mortality_OH_Expanded,index_year,-1,-1;index_yr_m "index_yr_m" true true false 10 Long 0 10,First,#,Mortality_OH_Expanded,index_yr_m,-1,-1;ZIP5 "ZIP5" true true false 10 Long 0 10,First,#,Mortality_OH_Expanded,ZIP5,-1,-1;ID "ID" true true false 10 Long 0 10,First,#,Mortality_OH_Expanded,ID,-1,-1;X "X" true true false 19 Double 0 0,First,#,Mortality_OH_Expanded,X,-1,-1;Y "Y" true true false 19 Double 0 0,First,#,Mortality_OH_Expanded,Y,-1,-1;pb_2000 "pb_2000" true true false 13 Float 0 0,First,#,Mortality_OH_Expanded,pb_2000,-1,-1;pb_2001 "pb_2001" true true false 13 Float 0 0,First,#,Mortality_OH_Expanded,pb_2001,-1,-1;pb_2002 "pb_2002" true true false 13 Float 0 0,First,#,Mortality_OH_Expanded,pb_2002,-1,-1;pb_2003 "pb_2003" true true false 13 Float 0 0,First,#,Mortality_OH_Expanded,pb_2003,-1,-1;pb_2004 "pb_2004" true true false 13 Float 0 0,First,#,Mortality_OH_Expanded,pb_2004,-1,-1;pb_2005 "pb_2005" true true false 13 Float 0 0,First,#,Mortality_OH_Expanded,pb_2005,-1,-1;pb_2006 "pb_2006" true true false 13 Float 0 0,First,#,Mortality_OH_Expanded,pb_2006,-1,-1;pb_2007 "pb_2007" true true false 13 Float 0 0,First,#,Mortality_OH_Expanded,pb_2007,-1,-1;pb_2008 "pb_2008" true true false 13 Float 0 0,First,#,Mortality_OH_Expanded,pb_2008,-1,-1;pb_2009 "pb_2009" true true false 13 Float 0 0,First,#,Mortality_OH_Expanded,pb_2009,-1,-1;pb_2010 "pb_2010" true true false 13 Float 0 0,First,#,Mortality_OH_Expanded,pb_2010,-1,-1;pb_2011 "pb_2011" true true false 13 Float 0 0,First,#,Mortality_OH_Expanded,pb_2011,-1,-1;pb_2012 "pb_2012" true true false 13 Float 0 0,First,#,Mortality_OH_Expanded,pb_2012,-1,-1;pb_2013 "pb_2013" true true false 13 Float 0 0,First,#,Mortality_OH_Expanded,pb_2013,-1,-1;pb_2014 "pb_2014" true true false 13 Float 0 0,First,#,Mortality_OH_Expanded,pb_2014,-1,-1;pb_2015 "pb_2015" true true false 13 Float 0 0,First,#,Mortality_OH_Expanded,pb_2015,-1,-1;pb_2016 "pb_2016" true true false 13 Float 0 0,First,#,Mortality_OH_Expanded,pb_2016,-1,-1;pb_2017 "pb_2017" true true false 13 Float 0 0,First,#,Mortality_OH_Expanded,pb_2017,-1,-1;pb_2018 "pb_2018" true true false 13 Float 0 0,First,#,Mortality_OH_Expanded,pb_2018,-1,-1;pb_2019 "pb_2019" true true false 13 Float 0 0,First,#,Mortality_OH_Expanded,pb_2019,-1,-1;pb_2020 "pb_2020" true true false 13 Float 0 0,First,#,Mortality_OH_Expanded,pb_2020,-1,-1;expsr_val "expsr_val" true true false 13 Float 0 0,First,#,Mortality_OH_Expanded,expsr_val,-1,-1" #</Process></lineage><itemProps><itemName Sync="TRUE">Mortality_OH_Expanded</itemName><imsContentType Sync="TRUE">002</imsContentType><itemSize Sync="TRUE">0.000</itemSize><itemLocation><linkage Sync="TRUE">file://\\C1Y8WM3\D$\Raw Data (Controls and Mortality) Ohio\Mortality_OH_Expanded.shp</linkage><protocol Sync="TRUE">Local Area Network</protocol></itemLocation></itemProps><coordRef><type Sync="TRUE">Projected</type><geogcsn Sync="TRUE">GCS_NAD_1983_2011</geogcsn><csUnits Sync="TRUE">Linear Unit: Meter (1.000000)</csUnits><projcsn Sync="TRUE">NAD_1983_2011_StatePlane_Ohio_North_FIPS_3401</projcsn><peXml Sync="TRUE">&lt;ProjectedCoordinateSystem xsi:type='typens:ProjectedCoordinateSystem' xmlns:xsi='http://www.w3.org/2001/XMLSchema-instance' xmlns:xs='http://www.w3.org/2001/XMLSchema' xmlns:typens='http://www.esri.com/schemas/ArcGIS/3.1.0'&gt;&lt;WKT&gt;PROJCS[&amp;quot;NAD_1983_2011_StatePlane_Ohio_North_FIPS_3401&amp;quot;,GEOGCS[&amp;quot;GCS_NAD_1983_2011&amp;quot;,DATUM[&amp;quot;D_NAD_1983_2011&amp;quot;,SPHEROID[&amp;quot;GRS_1980&amp;quot;,6378137.0,298.257222101]],PRIMEM[&amp;quot;Greenwich&amp;quot;,0.0],UNIT[&amp;quot;Degree&amp;quot;,0.0174532925199433]],PROJECTION[&amp;quot;Lambert_Conformal_Conic&amp;quot;],PARAMETER[&amp;quot;False_Easting&amp;quot;,600000.0],PARAMETER[&amp;quot;False_Northing&amp;quot;,0.0],PARAMETER[&amp;quot;Central_Meridian&amp;quot;,-82.5],PARAMETER[&amp;quot;Standard_Parallel_1&amp;quot;,40.43333333333333],PARAMETER[&amp;quot;Standard_Parallel_2&amp;quot;,41.7],PARAMETER[&amp;quot;Latitude_Of_Origin&amp;quot;,39.66666666666666],UNIT[&amp;quot;Meter&amp;quot;,1.0],AUTHORITY[&amp;quot;EPSG&amp;quot;,6548]]&lt;/WKT&gt;&lt;XOrigin&gt;-36260300&lt;/XOrigin&gt;&lt;YOrigin&gt;-29374800&lt;/YOrigin&gt;&lt;XYScale&gt;122180221.73912027&lt;/XYScale&gt;&lt;ZOrigin&gt;-100000&lt;/ZOrigin&gt;&lt;ZScale&gt;10000&lt;/ZScale&gt;&lt;MOrigin&gt;-100000&lt;/MOrigin&gt;&lt;MScale&gt;10000&lt;/MScale&gt;&lt;XYTolerance&gt;0.001&lt;/XYTolerance&gt;&lt;ZTolerance&gt;0.001&lt;/ZTolerance&gt;&lt;MTolerance&gt;0.001&lt;/MTolerance&gt;&lt;HighPrecision&gt;true&lt;/HighPrecision&gt;&lt;WKID&gt;103127&lt;/WKID&gt;&lt;LatestWKID&gt;6548&lt;/LatestWKID&gt;&lt;/ProjectedCoordinateSystem&gt;</peXml></coordRef></DataProperties><SyncDate>20230607</SyncDate><SyncTime>09044600</SyncTime><ModDate>20230607</ModDate><ModTime>09044600</ModTime></Esri><dataIdInfo><envirDesc Sync="TRUE">Microsoft Windows 10 Version 10.0 (Build 19045) ; Esri ArcGIS 13.1.0.41833</envirDesc><dataLang><languageCode value="eng" Sync="TRUE"></languageCode><countryCode value="USA" Sync="TRUE"></countryCode></dataLang><idCitation><resTitle Sync="TRUE">Mortality_OH_Expanded</resTitle><presForm><PresFormCd value="005" Sync="TRUE"></PresFormCd></presForm></idCitation><spatRpType><SpatRepTypCd value="001" Sync="TRUE"></SpatRepTypCd></spatRpType></dataIdInfo><mdLang><languageCode value="eng" Sync="TRUE"></languageCode><countryCode value="USA" Sync="TRUE"></countryCode></mdLang><mdChar><CharSetCd value="004" Sync="TRUE"></CharSetCd></mdChar><distInfo><distFormat><formatName Sync="TRUE">Shapefile</formatName></distFormat><distTranOps><transSize Sync="TRUE">0.000</transSize></distTranOps></distInfo><mdHrLv><ScopeCd value="005" Sync="TRUE"></ScopeCd></mdHrLv><mdHrLvName Sync="TRUE">dataset</mdHrLvName><refSysInfo><RefSystem><refSysID><identCode code="6548" Sync="TRUE"></identCode><idCodeSpace Sync="TRUE">EPSG</idCodeSpace><idVersion Sync="TRUE">8.2.10(10.3.1)</idVersion></refSysID></RefSystem></refSysInfo><spatRepInfo><VectSpatRep><geometObjs Name="Mortality_OH_Expanded"><geoObjTyp><GeoObjTypCd value="004" Sync="TRUE"></GeoObjTypCd></geoObjTyp><geoObjCnt Sync="TRUE">0</geoObjCnt></geometObjs><topLvl><TopoLevCd value="001" Sync="TRUE"></TopoLevCd></topLvl></VectSpatRep></spatRepInfo><spdoinfo><ptvctinf><esriterm Name="Mortality_OH_Expanded"><efeatyp Sync="TRUE">Simple</efeatyp><efeageom code="1" Sync="TRUE"></efeageom><esritopo Sync="TRUE">FALSE</esritopo><efeacnt Sync="TRUE">0</efeacnt><spindex Sync="TRUE">FALSE</spindex><linrefer Sync="TRUE">FALSE</linrefer></esriterm></ptvctinf></spdoinfo><eainfo><detailed Name="Mortality_OH_Expanded"><enttyp><enttypl Sync="TRUE">Mortality_OH_Expanded</enttypl><enttypt Sync="TRUE">Feature Class</enttypt><enttypc Sync="TRUE">0</enttypc></enttyp><attr><attrlabl Sync="TRUE">FID</attrlabl><attalias Sync="TRUE">FID</attalias><attrtype Sync="TRUE">OID</attrtype><attwidth Sync="TRUE">4</attwidth><atprecis Sync="TRUE">0</atprecis><attscale Sync="TRUE">0</attscale><attrdef Sync="TRUE">Internal feature number.</attrdef><attrdefs Sync="TRUE">Esri</attrdefs><attrdomv><udom Sync="TRUE">Sequential unique whole numbers that are automatically generated.</udom></attrdomv></attr><attr><attrlabl Sync="TRUE">Shape</attrlabl><attalias Sync="TRUE">Shape</attalias><attrtype Sync="TRUE">Geometry</attrtype><attwidth Sync="TRUE">0</attwidth><atprecis Sync="TRUE">0</atprecis><attscale Sync="TRUE">0</attscale><attrdef Sync="TRUE">Feature geometry.</attrdef><attrdefs Sync="TRUE">Esri</attrdefs><attrdomv><udom Sync="TRUE">Coordinates defining the features.</udom></attrdomv></attr><attr><attrlabl Sync="TRUE">OBJECTID_1</attrlabl><attalias Sync="TRUE">OBJECTID_1</attalias><attrtype Sync="TRUE">Integer</attrtype><attwidth Sync="TRUE">10</attwidth><atprecis Sync="TRUE">10</atprecis><attscale Sync="TRUE">0</attscale></attr><attr><attrlabl Sync="TRUE">FID_</attrlabl><attalias Sync="TRUE">FID_</attalias><attrtype Sync="TRUE">Integer</attrtype><attwidth Sync="TRUE">10</attwidth><atprecis Sync="TRUE">10</atprecis><attscale Sync="TRUE">0</attscale></attr><attr><attrlabl Sync="TRUE">OBJECTID</attrlabl><attalias Sync="TRUE">OBJECTID</attalias><attrtype Sync="TRUE">Integer</attrtype><attwidth Sync="TRUE">10</attwidth><atprecis Sync="TRUE">10</atprecis><attscale Sync="TRUE">0</attscale></attr><attr><attrlabl Sync="TRUE">study_ID</attrlabl><attalias Sync="TRUE">study_ID</attalias><attrtype Sync="TRUE">String</attrtype><attwidth Sync="TRUE">254</attwidth><atprecis Sync="TRUE">0</atprecis><attscale Sync="TRUE">0</attscale></attr><attr><attrlabl Sync="TRUE">ALS_status</attrlabl><attalias Sync="TRUE">ALS_status</attalias><attrtype Sync="TRUE">Integer</attrtype><attwidth Sync="TRUE">10</attwidth><atprecis Sync="TRUE">10</atprecis><attscale Sync="TRUE">0</attscale></attr><attr><attrlabl Sync="TRUE">SEX</attrlabl><attalias Sync="TRUE">SEX</attalias><attrtype Sync="TRUE">String</attrtype><attwidth Sync="TRUE">254</attwidth><atprecis Sync="TRUE">0</atprecis><attscale Sync="TRUE">0</attscale></attr><attr><attrlabl Sync="TRUE">AGE</attrlabl><attalias Sync="TRUE">AGE</attalias><attrtype Sync="TRUE">Integer</attrtype><attwidth Sync="TRUE">10</attwidth><atprecis Sync="TRUE">10</atprecis><attscale Sync="TRUE">0</attscale></attr><attr><attrlabl Sync="TRUE">source_typ</attrlabl><attalias Sync="TRUE">source_typ</attalias><attrtype Sync="TRUE">String</attrtype><attwidth Sync="TRUE">254</attwidth><atprecis Sync="TRUE">0</atprecis><attscale Sync="TRUE">0</attscale></attr><attr><attrlabl Sync="TRUE">source</attrlabl><attalias Sync="TRUE">source</attalias><attrtype Sync="TRUE">String</attrtype><attwidth Sync="TRUE">254</attwidth><atprecis Sync="TRUE">0</atprecis><attscale Sync="TRUE">0</attscale></attr><attr><attrlabl Sync="TRUE">ori_ID</attrlabl><attalias Sync="TRUE">ori_ID</attalias><attrtype Sync="TRUE">Integer</attrtype><attwidth Sync="TRUE">10</attwidth><atprecis Sync="TRUE">10</atprecis><attscale Sync="TRUE">0</attscale></attr><attr><attrlabl Sync="TRUE">year</attrlabl><attalias Sync="TRUE">year</attalias><attrtype Sync="TRUE">Integer</attrtype><attwidth Sync="TRUE">10</attwidth><atprecis Sync="TRUE">10</atprecis><attscale Sync="TRUE">0</attscale></attr><attr><attrlabl Sync="TRUE">seq</attrlabl><attalias Sync="TRUE">seq</attalias><attrtype Sync="TRUE">Integer</attrtype><attwidth Sync="TRUE">10</attwidth><atprecis Sync="TRUE">10</atprecis><attscale Sync="TRUE">0</attscale></attr><attr><attrlabl Sync="TRUE">latitude</attrlabl><attalias Sync="TRUE">latitude</attalias><attrtype Sync="TRUE">Double</attrtype><attwidth Sync="TRUE">19</attwidth><atprecis Sync="TRUE">0</atprecis><attscale Sync="TRUE">0</attscale></attr><attr><attrlabl Sync="TRUE">longitude</attrlabl><attalias Sync="TRUE">longitude</attalias><attrtype Sync="TRUE">Double</attrtype><attwidth Sync="TRUE">19</attwidth><atprecis Sync="TRUE">0</atprecis><attscale Sync="TRUE">0</attscale></attr><attr><attrlabl Sync="TRUE">index_year</attrlabl><attalias Sync="TRUE">index_year</attalias><attrtype Sync="TRUE">Integer</attrtype><attwidth Sync="TRUE">10</attwidth><atprecis Sync="TRUE">10</atprecis><attscale Sync="TRUE">0</attscale></attr><attr><attrlabl Sync="TRUE">index_yr_m</attrlabl><attalias Sync="TRUE">index_yr_m</attalias><attrtype Sync="TRUE">Integer</attrtype><attwidth Sync="TRUE">10</attwidth><atprecis Sync="TRUE">10</atprecis><attscale Sync="TRUE">0</attscale></attr><attr><attrlabl Sync="TRUE">ZIP5</attrlabl><attalias Sync="TRUE">ZIP5</attalias><attrtype Sync="TRUE">Integer</attrtype><attwidth Sync="TRUE">10</attwidth><atprecis Sync="TRUE">10</atprecis><attscale Sync="TRUE">0</attscale></attr><attr><attrlabl Sync="TRUE">ID</attrlabl><attalias Sync="TRUE">ID</attalias><attrtype Sync="TRUE">Integer</attrtype><attwidth Sync="TRUE">10</attwidth><atprecis Sync="TRUE">10</atprecis><attscale Sync="TRUE">0</attscale></attr><attr><attrlabl Sync="TRUE">X</attrlabl><attalias Sync="TRUE">X</attalias><attrtype Sync="TRUE">Double</attrtype><attwidth Sync="TRUE">19</attwidth><atprecis Sync="TRUE">0</atprecis><attscale Sync="TRUE">0</attscale></attr><attr><attrlabl Sync="TRUE">Y</attrlabl><attalias Sync="TRUE">Y</attalias><attrtype Sync="TRUE">Double</attrtype><attwidth Sync="TRUE">19</attwidth><atprecis Sync="TRUE">0</atprecis><attscale Sync="TRUE">0</attscale></attr><attr><attrlabl Sync="TRUE">pb_2000</attrlabl><attalias Sync="TRUE">pb_2000</attalias><attrtype Sync="TRUE">Single</attrtype><attwidth Sync="TRUE">13</attwidth><atprecis Sync="TRUE">0</atprecis><attscale Sync="TRUE">0</attscale></attr><attr><attrlabl Sync="TRUE">pb_2001</attrlabl><attalias Sync="TRUE">pb_2001</attalias><attrtype Sync="TRUE">Single</attrtype><attwidth Sync="TRUE">13</attwidth><atprecis Sync="TRUE">0</atprecis><attscale Sync="TRUE">0</attscale></attr><attr><attrlabl Sync="TRUE">pb_2002</attrlabl><attalias Sync="TRUE">pb_2002</attalias><attrtype Sync="TRUE">Single</attrtype><attwidth Sync="TRUE">13</attwidth><atprecis Sync="TRUE">0</atprecis><attscale Sync="TRUE">0</attscale></attr><attr><attrlabl Sync="TRUE">pb_2003</attrlabl><attalias Sync="TRUE">pb_2003</attalias><attrtype Sync="TRUE">Single</attrtype><attwidth Sync="TRUE">13</attwidth><atprecis Sync="TRUE">0</atprecis><attscale Sync="TRUE">0</attscale></attr><attr><attrlabl Sync="TRUE">pb_2004</attrlabl><attalias Sync="TRUE">pb_2004</attalias><attrtype Sync="TRUE">Single</attrtype><attwidth Sync="TRUE">13</attwidth><atprecis Sync="TRUE">0</atprecis><attscale Sync="TRUE">0</attscale></attr><attr><attrlabl Sync="TRUE">pb_2005</attrlabl><attalias Sync="TRUE">pb_2005</attalias><attrtype Sync="TRUE">Single</attrtype><attwidth Sync="TRUE">13</attwidth><atprecis Sync="TRUE">0</atprecis><attscale Sync="TRUE">0</attscale></attr><attr><attrlabl Sync="TRUE">pb_2006</attrlabl><attalias Sync="TRUE">pb_2006</attalias><attrtype Sync="TRUE">Single</attrtype><attwidth Sync="TRUE">13</attwidth><atprecis Sync="TRUE">0</atprecis><attscale Sync="TRUE">0</attscale></attr><attr><attrlabl Sync="TRUE">pb_2007</attrlabl><attalias Sync="TRUE">pb_2007</attalias><attrtype Sync="TRUE">Single</attrtype><attwidth Sync="TRUE">13</attwidth><atprecis Sync="TRUE">0</atprecis><attscale Sync="TRUE">0</attscale></attr><attr><attrlabl Sync="TRUE">pb_2008</attrlabl><attalias Sync="TRUE">pb_2008</attalias><attrtype Sync="TRUE">Single</attrtype><attwidth Sync="TRUE">13</attwidth><atprecis Sync="TRUE">0</atprecis><attscale Sync="TRUE">0</attscale></attr><attr><attrlabl Sync="TRUE">pb_2009</attrlabl><attalias Sync="TRUE">pb_2009</attalias><attrtype Sync="TRUE">Single</attrtype><attwidth Sync="TRUE">13</attwidth><atprecis Sync="TRUE">0</atprecis><attscale Sync="TRUE">0</attscale></attr><attr><attrlabl Sync="TRUE">pb_2010</attrlabl><attalias Sync="TRUE">pb_2010</attalias><attrtype Sync="TRUE">Single</attrtype><attwidth Sync="TRUE">13</attwidth><atprecis Sync="TRUE">0</atprecis><attscale Sync="TRUE">0</attscale></attr><attr><attrlabl Sync="TRUE">pb_2011</attrlabl><attalias Sync="TRUE">pb_2011</attalias><attrtype Sync="TRUE">Single</attrtype><attwidth Sync="TRUE">13</attwidth><atprecis Sync="TRUE">0</atprecis><attscale Sync="TRUE">0</attscale></attr><attr><attrlabl Sync="TRUE">pb_2012</attrlabl><attalias Sync="TRUE">pb_2012</attalias><attrtype Sync="TRUE">Single</attrtype><attwidth Sync="TRUE">13</attwidth><atprecis Sync="TRUE">0</atprecis><attscale Sync="TRUE">0</attscale></attr><attr><attrlabl Sync="TRUE">pb_2013</attrlabl><attalias Sync="TRUE">pb_2013</attalias><attrtype Sync="TRUE">Single</attrtype><attwidth Sync="TRUE">13</attwidth><atprecis Sync="TRUE">0</atprecis><attscale Sync="TRUE">0</attscale></attr><attr><attrlabl Sync="TRUE">pb_2014</attrlabl><attalias Sync="TRUE">pb_2014</attalias><attrtype Sync="TRUE">Single</attrtype><attwidth Sync="TRUE">13</attwidth><atprecis Sync="TRUE">0</atprecis><attscale Sync="TRUE">0</attscale></attr><attr><attrlabl Sync="TRUE">pb_2015</attrlabl><attalias Sync="TRUE">pb_2015</attalias><attrtype Sync="TRUE">Single</attrtype><attwidth Sync="TRUE">13</attwidth><atprecis Sync="TRUE">0</atprecis><attscale Sync="TRUE">0</attscale></attr><attr><attrlabl Sync="TRUE">pb_2016</attrlabl><attalias Sync="TRUE">pb_2016</attalias><attrtype Sync="TRUE">Single</attrtype><attwidth Sync="TRUE">13</attwidth><atprecis Sync="TRUE">0</atprecis><attscale Sync="TRUE">0</attscale></attr><attr><attrlabl Sync="TRUE">pb_2017</attrlabl><attalias Sync="TRUE">pb_2017</attalias><attrtype Sync="TRUE">Single</attrtype><attwidth Sync="TRUE">13</attwidth><atprecis Sync="TRUE">0</atprecis><attscale Sync="TRUE">0</attscale></attr><attr><attrlabl Sync="TRUE">pb_2018</attrlabl><attalias Sync="TRUE">pb_2018</attalias><attrtype Sync="TRUE">Single</attrtype><attwidth Sync="TRUE">13</attwidth><atprecis Sync="TRUE">0</atprecis><attscale Sync="TRUE">0</attscale></attr><attr><attrlabl Sync="TRUE">pb_2019</attrlabl><attalias Sync="TRUE">pb_2019</attalias><attrtype Sync="TRUE">Single</attrtype><attwidth Sync="TRUE">13</attwidth><atprecis Sync="TRUE">0</atprecis><attscale Sync="TRUE">0</attscale></attr><attr><attrlabl Sync="TRUE">pb_2020</attrlabl><attalias Sync="TRUE">pb_2020</attalias><attrtype Sync="TRUE">Single</attrtype><attwidth Sync="TRUE">13</attwidth><atprecis Sync="TRUE">0</atprecis><attscale Sync="TRUE">0</attscale></attr><attr><attrlabl Sync="TRUE">expsr_val</attrlabl><attalias Sync="TRUE">expsr_val</attalias><attrtype Sync="TRUE">Single</attrtype><attwidth Sync="TRUE">13</attwidth><atprecis Sync="TRUE">0</atprecis><attscale Sync="TRUE">0</attscale></attr></detailed></eainfo><mdDateSt Sync="TRUE">20230607</mdDateSt></metadata>
